Datetime,Water Level (m)
2025-08-26 18:00:00,-0.02251686
2025-08-26 19:00:00,0.13558063
2025-08-26 20:00:00,0.53036857
2025-08-26 21:00:00,0.9462172
2025-08-26 22:00:00,1.3432724
2025-08-26 23:00:00,1.5711831
2025-08-27 00:00:00,1.6355362
2025-08-27 01:00:00,1.4381468
2025-08-27 02:00:00,1.1368479
2025-08-27 03:00:00,0.89499676
2025-08-27 04:00:00,0.6781038
2025-08-27 05:00:00,0.46476558
2025-08-27 06:00:00,0.29205823
2025-08-27 07:00:00,0.22041017
2025-08-27 08:00:00,0.62391216
2025-08-27 09:00:00,1.1064781
2025-08-27 10:00:00,1.5700022
2025-08-27 11:00:00,1.7902576
2025-08-27 12:00:00,1.8620551
2025-08-27 13:00:00,1.6785407
2025-08-27 14:00:00,1.3814924
2025-08-27 15:00:00,1.1319817
2025-08-27 16:00:00,0.9110481
2025-08-27 17:00:00,0.6883016
2025-08-27 18:00:00,0.48848033
2025-08-27 19:00:00,0.33888912
2025-08-27 20:00:00,0.45802042
2025-08-27 21:00:00,0.93025255
2025-08-27 22:00:00,1.4210863
2025-08-27 23:00:00,1.7230998
2025-08-28 00:00:00,1.794751
2025-08-28 01:00:00,1.700881
2025-08-28 02:00:00,1.4681469
2025-08-28 03:00:00,1.2261014
2025-08-28 04:00:00,1.000112
2025-08-28 05:00:00,0.7752408
2025-08-28 06:00:00,0.57295537
2025-08-28 07:00:00,0.41636184
2025-08-28 08:00:00,0.45045143
2025-08-28 09:00:00,0.87910503
2025-08-28 10:00:00,1.3583097
2025-08-28 11:00:00,1.6839241
2025-08-28 12:00:00,1.7554218
2025-08-28 13:00:00,1.687317
2025-08-28 14:00:00,1.5001762
2025-08-28 15:00:00,1.2687793
2025-08-28 16:00:00,1.0366164
2025-08-28 17:00:00,0.8143928
2025-08-28 18:00:00,0.61278147
2025-08-28 19:00:00,0.44683176
2025-08-28 20:00:00,0.3805493
2025-08-28 21:00:00,0.6783259
2025-08-28 22:00:00,1.1618844
2025-08-28 23:00:00,1.5798384
2025-08-29 00:00:00,1.7457362
2025-08-29 01:00:00,1.750236
2025-08-29 02:00:00,1.6130028
2025-08-29 03:00:00,1.3949816
2025-08-29 04:00:00,1.1624147
2025-08-29 05:00:00,0.9406788
2025-08-29 06:00:00,0.73370224
2025-08-29 07:00:00,0.5601907
2025-08-29 08:00:00,0.45458207
2025-08-29 09:00:00,0.6235838
2025-08-29 10:00:00,1.0387496
2025-08-29 11:00:00,1.4493955
2025-08-29 12:00:00,1.6419153
2025-08-29 13:00:00,1.6403129
2025-08-29 14:00:00,1.5212829
2025-08-29 15:00:00,1.3369583
2025-08-29 16:00:00,1.1114665
2025-08-29 17:00:00,0.89160746
2025-08-29 18:00:00,0.68709147
2025-08-29 19:00:00,0.5145132
2025-08-29 20:00:00,0.39047503
2025-08-29 21:00:00,0.4626002
2025-08-29 22:00:00,0.80693966
2025-08-29 23:00:00,1.2449802
2025-08-30 00:00:00,1.5443178
2025-08-30 01:00:00,1.6346787
2025-08-30 02:00:00,1.5899639
2025-08-30 03:00:00,1.442631
2025-08-30 04:00:00,1.2351301
2025-08-30 05:00:00,1.0173757
2025-08-30 06:00:00,0.8102462
2025-08-30 07:00:00,0.62339747
2025-08-30 08:00:00,0.47937793
2025-08-30 09:00:00,0.42553377
2025-08-30 10:00:00,0.60291815
2025-08-30 11:00:00,0.9527206
2025-08-30 12:00:00,1.2704477
2025-08-30 13:00:00,1.366783
2025-08-30 14:00:00,1.3108896
2025-08-30 15:00:00,1.2049829
2025-08-30 16:00:00,1.0397753
2025-08-30 17:00:00,0.8333922
2025-08-30 18:00:00,0.6423833
2025-08-30 19:00:00,0.47298443
2025-08-30 20:00:00,0.33592778
2025-08-30 21:00:00,0.2691662
2025-08-30 22:00:00,0.42074147
2025-08-30 23:00:00,0.76538503
2025-08-31 00:00:00,1.1446755
2025-08-31 01:00:00,1.3517957
2025-08-31 02:00:00,1.4231234
2025-08-31 03:00:00,1.395299
2025-08-31 04:00:00,1.2717072
2025-08-31 05:00:00,1.074963
2025-08-31 06:00:00,0.88099825
2025-08-31 07:00:00,0.70176965
2025-08-31 08:00:00,0.5426344
2025-08-31 09:00:00,0.42887408
2025-08-31 10:00:00,0.40059853
2025-08-31 11:00:00,0.539164
2025-08-31 12:00:00,0.8190656
2025-08-31 13:00:00,1.0560648
2025-08-31 14:00:00,1.1205466
2025-08-31 15:00:00,1.0748495
2025-08-31 16:00:00,0.9932565
2025-08-31 17:00:00,0.8529667
2025-08-31 18:00:00,0.6833865
2025-08-31 19:00:00,0.52790266
2025-08-31 20:00:00,0.39620453
2025-08-31 21:00:00,0.29606238
2025-08-31 22:00:00,0.27304384
2025-08-31 23:00:00,0.42481554
2025-09-01 00:00:00,0.73192567
2025-09-01 01:00:00,1.0539653
2025-09-01 02:00:00,1.2455504
2025-09-01 03:00:00,1.3362012
2025-09-01 04:00:00,1.339251
2025-09-01 05:00:00,1.2473301
2025-09-01 06:00:00,1.0816879
2025-09-01 07:00:00,0.9096983
2025-09-01 08:00:00,0.7465092
2025-09-01 09:00:00,0.59743327
2025-09-01 10:00:00,0.47512063
2025-09-01 11:00:00,0.40549138
2025-09-01 12:00:00,0.42703792
2025-09-01 13:00:00,0.5831245
2025-09-01 14:00:00,0.7980286
2025-09-01 15:00:00,0.9139886
2025-09-01 16:00:00,0.928019
2025-09-01 17:00:00,0.8820222
2025-09-01 18:00:00,0.79610157
